T-1256	WORK_REVERIFIED	-	tests/test_notification_audio_ownership_t1256.py
T-1205	WORK_REVERIFIED	-	tests/test_settings_ux.py
T-1260	WORK_REVERIFIED	-	tests/test_shutdown_ownership.py tests/test_editor_timer_isolation.py tests/test_perf005_scaled_cache.py tests/test_timer_fire.py tests/test_new_empty_silos.py
T-1261	WORK_REVERIFIED	-	tests/test_t1227_silo_integrity.py
T-1265	WORK_REVERIFIED	-	tests/test_t1265_interval_clock.py
T-1266	WORK_REVERIFIED	-	tests/test_t1266_dual_claude.py
T-1267	WORK_REVERIFIED	-	tests/test_t1267_claude_bridge_per_account.py
T-1268	WORK_REVERIFIED	-	tests/test_t1268_claude_desktop_attribution.py
T-1294	WORK_REVERIFIED	-	tests/test_sound_pack_rollback_t1294.py
T-1295	WORK_REVERIFIED	-	tests/test_set_default_from_current.py
T-1296	WORK_REVERIFIED	-	tests/test_clipboard_interop_t1269.py
T-1297	WORK_REVERIFIED	-	tests/test_release_version.py
T-1336	WORK_REVERIFIED	-	tests/test_project_reorder_t1336.py
T-1349	WORK_REVERIFIED	-	tests/test_t1349_hover_grace.py
T-1208	WORK_REVERIFIED	-	ALL
T-1210	WORK_REVERIFIED	-	tests/test_usage_limits_gauge_layout.py
T-1211	WORK_REVERIFIED	-	tests/test_user_regressions_20260905.py
T-1212	WORK_REVERIFIED	-	tests/test_usage_limits_antigravity.py
T-1213	WORK_REVERIFIED	-	tests/test_usage_limits_antigravity.py tests/test_usage_limits_hide_zero.py
T-1214	WORK_REVERIFIED	-	tests/test_usage_limits_hide_zero.py
T-1215	WORK_REVERIFIED	-	tests/test_timers.py
T-1221	WORK_REVERIFIED	-	tests/test_sound_manager.py
T-1222	WORK_REVERIFIED	-	tests/test_state.py
T-1225	WORK_REVERIFIED	-	tests/test_button_sound.py
T-1226	WORK_REVERIFIED	-	tests/test_formatting_mixin.py
T-1229	WORK_REVERIFIED	-	tests/test_language_roundtrip.py
T-1230	WORK_REVERIFIED	-	tests/test_settings_tab_sound.py
T-1231	WORK_REVERIFIED	-	tests/test_usage_limits_zcode.py
T-1232	WORK_REVERIFIED	-	tests/test_db_durability.py
T-1233	WORK_REVERIFIED	-	tests/test_i18n_key_inventory.py
T-1234	WORK_REVERIFIED	-	tests/test_owner_mismatch_artifact.py tests/test_t1227_silo_integrity.py
T-1235	WORK_REVERIFIED	-	tests/test_language_roundtrip.py
T-1236	WORK_REVERIFIED	-	tests/test_silo_history_identity_t1307.py
T-1240	WORK_REVERIFIED	-	tests/test_typecheck_vocab.py
T-1242	WORK_REVERIFIED	-	tests/test_audio_temporal_fidelity.py
T-1243	WORK_REVERIFIED	-	tests/test_usage_limits_freebuff.py
T-1244	WORK_REVERIFIED	-	tests/test_master_mute_concurrency_t1244.py
T-1245	WORK_REVERIFIED	-	tests/test_appearance_sounds_t1245.py
T-1247	WORK_REVERIFIED	-	tests/test_instance_lock.py
T-1248	WORK_REVERIFIED	-	tests/test_line_mark_toggle.py
T-1249	WORK_REVERIFIED	-	tests/test_weekly_reset_false_positive.py
T-1250	WORK_REVERIFIED	-	tests/test_editor_snapshot_sentinel.py
T-1251	WORK_REVERIFIED	-	tests/test_sound_ref_integrity.py
T-1252	WORK_REVERIFIED	-	tests/test_shutdown_ownership.py
T-1253	WORK_REVERIFIED	-	tests/test_reset_queue_hover.py
T-1254	WORK_REVERIFIED	-	tests/test_freebuff_wallet_visibility.py
T-1255	WORK_REVERIFIED	-	tests/test_problip_audio_fidelity.py
T-1256	REVERIFY_REUSED	-	tests/test_notification_audio_ownership_t1256.py
T-1260	REVERIFY_REUSED	-	tests/test_shutdown_ownership.py tests/test_editor_timer_isolation.py tests/test_perf005_scaled_cache.py tests/test_timer_fire.py tests/test_new_empty_silos.py
T-1261	REVERIFY_REUSED	-	tests/test_t1227_silo_integrity.py
T-1265	REVERIFY_REUSED	-	tests/test_t1265_interval_clock.py
T-1266	REVERIFY_REUSED	-	tests/test_t1266_dual_claude.py
T-1267	REVERIFY_REUSED	-	tests/test_t1267_claude_bridge_per_account.py
T-1268	REVERIFY_REUSED	-	tests/test_t1268_claude_desktop_attribution.py
T-1294	REVERIFY_REUSED	-	tests/test_sound_pack_rollback_t1294.py
T-1295	REVERIFY_REUSED	-	tests/test_set_default_from_current.py
T-1296	REVERIFY_REUSED	-	tests/test_clipboard_interop_t1269.py
T-1297	REVERIFY_REUSED	-	tests/test_release_version.py
T-1336	REVERIFY_REUSED	-	tests/test_project_reorder_t1336.py
T-1349	REVERIFY_REUSED	-	tests/test_t1349_hover_grace.py
